{
  "backprop" : true,
  "backpropType" : "Standard",
  "cacheMode" : "NONE",
  "confs" : [ {
    "cacheMode" : "NONE",
    "epochCount" : 0,
    "iterationCount" : 0,
    "l1ByParam" : {
      "b" : 0.0,
      "RW" : 0.0,
      "W" : 0.0
    },
    "l2ByParam" : {
      "b" : 0.0,
      "RW" : 5.0E-4,
      "W" : 5.0E-4
    },
    "layer" : {
      "LSTM" : {
        "activationFn" : {
          "TanH" : { }
        },
        "biasInit" : 0.0,
        "biasUpdater" : null,
        "constraints" : null,
        "dist" : null,
        "forgetGateBiasInit" : 1.0,
        "gateActivationFn" : {
          "Sigmoid" : { }
        },
        "gradientNormalization" : "None",
        "gradientNormalizationThreshold" : 1.0,
        "idropout" : null,
        "iupdater" : {
          "@class" : "org.nd4j.linalg.learning.config.RmsProp",
          "epsilon" : 1.0E-8,
          "learningRate" : 0.05,
          "rmsDecay" : 0.002
        },
        "l1" : 0.0,
        "l1Bias" : 0.0,
        "l2" : 5.0E-4,
        "l2Bias" : 0.0,
        "layerName" : "encoder0",
        "nin" : 1,
        "nout" : 100,
        "weightInit" : "XAVIER",
        "weightNoise" : null
      }
    },
    "maxNumLineSearchIterations" : 5,
    "miniBatch" : true,
    "minimize" : true,
    "optimizationAlgo" : "STOCHASTIC_GRADIENT_DESCENT",
    "pretrain" : false,
    "seed" : 123456,
    "stepFunction" : null,
    "variables" : [ "W", "RW", "b" ]
  }, {
    "cacheMode" : "NONE",
    "epochCount" : 0,
    "iterationCount" : 0,
    "l1ByParam" : {
      "b" : 0.0,
      "RW" : 0.0,
      "W" : 0.0
    },
    "l2ByParam" : {
      "b" : 0.0,
      "RW" : 5.0E-4,
      "W" : 5.0E-4
    },
    "layer" : {
      "LSTM" : {
        "activationFn" : {
          "TanH" : { }
        },
        "biasInit" : 0.0,
        "biasUpdater" : null,
        "constraints" : null,
        "dist" : null,
        "forgetGateBiasInit" : 1.0,
        "gateActivationFn" : {
          "Sigmoid" : { }
        },
        "gradientNormalization" : "None",
        "gradientNormalizationThreshold" : 1.0,
        "idropout" : null,
        "iupdater" : {
          "@class" : "org.nd4j.linalg.learning.config.RmsProp",
          "epsilon" : 1.0E-8,
          "learningRate" : 0.05,
          "rmsDecay" : 0.002
        },
        "l1" : 0.0,
        "l1Bias" : 0.0,
        "l2" : 5.0E-4,
        "l2Bias" : 0.0,
        "layerName" : "encoder1",
        "nin" : 100,
        "nout" : 80,
        "weightInit" : "XAVIER",
        "weightNoise" : null
      }
    },
    "maxNumLineSearchIterations" : 5,
    "miniBatch" : true,
    "minimize" : true,
    "optimizationAlgo" : "STOCHASTIC_GRADIENT_DESCENT",
    "pretrain" : false,
    "seed" : 123456,
    "stepFunction" : null,
    "variables" : [ "W", "RW", "b" ]
  }, {
    "cacheMode" : "NONE",
    "epochCount" : 0,
    "iterationCount" : 0,
    "l1ByParam" : {
      "b" : 0.0,
      "RW" : 0.0,
      "W" : 0.0
    },
    "l2ByParam" : {
      "b" : 0.0,
      "RW" : 5.0E-4,
      "W" : 5.0E-4
    },
    "layer" : {
      "LSTM" : {
        "activationFn" : {
          "TanH" : { }
        },
        "biasInit" : 0.0,
        "biasUpdater" : null,
        "constraints" : null,
        "dist" : null,
        "forgetGateBiasInit" : 1.0,
        "gateActivationFn" : {
          "Sigmoid" : { }
        },
        "gradientNormalization" : "None",
        "gradientNormalizationThreshold" : 1.0,
        "idropout" : null,
        "iupdater" : {
          "@class" : "org.nd4j.linalg.learning.config.RmsProp",
          "epsilon" : 1.0E-8,
          "learningRate" : 0.05,
          "rmsDecay" : 0.002
        },
        "l1" : 0.0,
        "l1Bias" : 0.0,
        "l2" : 5.0E-4,
        "l2Bias" : 0.0,
        "layerName" : "encoder2",
        "nin" : 80,
        "nout" : 5,
        "weightInit" : "XAVIER",
        "weightNoise" : null
      }
    },
    "maxNumLineSearchIterations" : 5,
    "miniBatch" : true,
    "minimize" : true,
    "optimizationAlgo" : "STOCHASTIC_GRADIENT_DESCENT",
    "pretrain" : false,
    "seed" : 123456,
    "stepFunction" : null,
    "variables" : [ "W", "RW", "b" ]
  }, {
    "cacheMode" : "NONE",
    "epochCount" : 0,
    "iterationCount" : 0,
    "l1ByParam" : {
      "b" : 0.0,
      "RW" : 0.0,
      "W" : 0.0
    },
    "l2ByParam" : {
      "b" : 0.0,
      "RW" : 5.0E-4,
      "W" : 5.0E-4
    },
    "layer" : {
      "LSTM" : {
        "activationFn" : {
          "TanH" : { }
        },
        "biasInit" : 0.0,
        "biasUpdater" : null,
        "constraints" : null,
        "dist" : null,
        "forgetGateBiasInit" : 1.0,
        "gateActivationFn" : {
          "Sigmoid" : { }
        },
        "gradientNormalization" : "None",
        "gradientNormalizationThreshold" : 1.0,
        "idropout" : null,
        "iupdater" : {
          "@class" : "org.nd4j.linalg.learning.config.RmsProp",
          "epsilon" : 1.0E-8,
          "learningRate" : 0.05,
          "rmsDecay" : 0.002
        },
        "l1" : 0.0,
        "l1Bias" : 0.0,
        "l2" : 5.0E-4,
        "l2Bias" : 0.0,
        "layerName" : "decoder1",
        "nin" : 5,
        "nout" : 80,
        "weightInit" : "XAVIER",
        "weightNoise" : null
      }
    },
    "maxNumLineSearchIterations" : 5,
    "miniBatch" : true,
    "minimize" : true,
    "optimizationAlgo" : "STOCHASTIC_GRADIENT_DESCENT",
    "pretrain" : false,
    "seed" : 123456,
    "stepFunction" : null,
    "variables" : [ "W", "RW", "b" ]
  }, {
    "cacheMode" : "NONE",
    "epochCount" : 0,
    "iterationCount" : 0,
    "l1ByParam" : {
      "b" : 0.0,
      "RW" : 0.0,
      "W" : 0.0
    },
    "l2ByParam" : {
      "b" : 0.0,
      "RW" : 5.0E-4,
      "W" : 5.0E-4
    },
    "layer" : {
      "LSTM" : {
        "activationFn" : {
          "TanH" : { }
        },
        "biasInit" : 0.0,
        "biasUpdater" : null,
        "constraints" : null,
        "dist" : null,
        "forgetGateBiasInit" : 1.0,
        "gateActivationFn" : {
          "Sigmoid" : { }
        },
        "gradientNormalization" : "None",
        "gradientNormalizationThreshold" : 1.0,
        "idropout" : null,
        "iupdater" : {
          "@class" : "org.nd4j.linalg.learning.config.RmsProp",
          "epsilon" : 1.0E-8,
          "learningRate" : 0.05,
          "rmsDecay" : 0.002
        },
        "l1" : 0.0,
        "l1Bias" : 0.0,
        "l2" : 5.0E-4,
        "l2Bias" : 0.0,
        "layerName" : "decoder2",
        "nin" : 80,
        "nout" : 100,
        "weightInit" : "XAVIER",
        "weightNoise" : null
      }
    },
    "maxNumLineSearchIterations" : 5,
    "miniBatch" : true,
    "minimize" : true,
    "optimizationAlgo" : "STOCHASTIC_GRADIENT_DESCENT",
    "pretrain" : false,
    "seed" : 123456,
    "stepFunction" : null,
    "variables" : [ "W", "RW", "b" ]
  }, {
    "cacheMode" : "NONE",
    "epochCount" : 0,
    "iterationCount" : 0,
    "l1ByParam" : {
      "b" : 0.0,
      "W" : 0.0
    },
    "l2ByParam" : {
      "b" : 0.0,
      "W" : 5.0E-4
    },
    "layer" : {
      "rnnoutput" : {
        "activationFn" : {
          "Identity" : { }
        },
        "biasInit" : 0.0,
        "biasUpdater" : null,
        "constraints" : null,
        "dist" : null,
        "gradientNormalization" : "None",
        "gradientNormalizationThreshold" : 1.0,
        "hasBias" : true,
        "idropout" : null,
        "iupdater" : {
          "@class" : "org.nd4j.linalg.learning.config.RmsProp",
          "epsilon" : 1.0E-8,
          "learningRate" : 0.05,
          "rmsDecay" : 0.002
        },
        "l1" : 0.0,
        "l1Bias" : 0.0,
        "l2" : 5.0E-4,
        "l2Bias" : 0.0,
        "layerName" : "output",
        "lossFn" : {
          "MSE" : {
            "constant" : false
          }
        },
        "nin" : 100,
        "nout" : 1,
        "weightInit" : "XAVIER",
        "weightNoise" : null
      }
    },
    "maxNumLineSearchIterations" : 5,
    "miniBatch" : true,
    "minimize" : true,
    "optimizationAlgo" : "STOCHASTIC_GRADIENT_DESCENT",
    "pretrain" : false,
    "seed" : 123456,
    "stepFunction" : null,
    "variables" : [ "W", "b" ]
  } ],
  "epochCount" : 38,
  "inferenceWorkspaceMode" : "SEPARATE",
  "inputPreProcessors" : { },
  "iterationCount" : 37506,
  "pretrain" : false,
  "tbpttBackLength" : 20,
  "tbpttFwdLength" : 20,
  "trainingWorkspaceMode" : "SEPARATE"
}